202509271444UTC,112020,112004,112010,112020,0
202509271445UTC,112020,112004,112010,112020,0
202510070744UTC,111510,111529,111547,111510,0
202510070745UTC,111510,111500,111556,111510,0
202510070746UTC,111510,111500,111556,111510,0
202510070747UTC,111431,111501,111503,111431,0
202510070748UTC,111431,111501,111503,111431,0
202510070749UTC,111431,111476,111501,111431,0
202510070750UTC,111431,111476,111501,111431,0
202510070751UTC,111431,111502,111541,111431,0
202510070752UTC,111431,111502,111541,111431,0
202510070753UTC,111502,111471,111581,111502,0
202510070754UTC,111502,111471,111581,111502,0
202510070755UTC,111502,111512,111649,111502,0
202510070756UTC,111502,111512,111649,111502,0
202510070757UTC,111595,111590,111647,111595,0
202510070758UTC,111595,111590,111647,111595,0
202510070759UTC,111595,111651,111679,111595,0
202510070800UTC,111595,111651,111679,111595,0
202510070801UTC,111595,111596,111680,111595,0
202510070802UTC,111595,111596,111680,111595,0
202510070803UTC,111680,111589,111678,111680,0
202510070804UTC,111680,111589,111678,111680,0
202510070805UTC,111680,111655,111677,111680,0
202510070806UTC,111680,111655,111677,111680,0
202510070807UTC,111799,111900,111923,111799,0
202510070808UTC,111799,111900,111923,111799,0
202510070809UTC,111799,111969,111976,111799,0
202510070810UTC,111799,111969,111976,111799,0
202510070811UTC,111799,112023,112045,111799,0
202510070812UTC,111799,112023,112045,111799,0
202510070813UTC,112045,112053,112125,112045,0
202510070814UTC,112045,112053,112125,112045,0
202510070815UTC,112045,112101,112222,112045,0
202510070816UTC,112045,112101,112222,112045,0
202510070817UTC,112223,112219,112219,112223,0
202510070818UTC,112223,112219,112219,112223,0
202510070819UTC,112223,112300,112350,112223,0
202510070820UTC,112223,112300,112350,112223,0
202510070821UTC,112223,112224,112322,112223,0
202510070822UTC,112223,112224,112322,112223,0
202510070823UTC,112224,112440,112472,112224,0
202510070824UTC,112224,112440,112472,112224,0
202510070825UTC,112224,112411,112435,112224,0
202510070826UTC,112224,112411,112435,112224,0
202510070827UTC,112445,112411,112470,112445,0
202510070828UTC,112445,112411,112470,112445,0
202510070829UTC,112445,112400,112476,112445,0
202510070830UTC,112445,112400,112476,112445,0
202510070831UTC,112445,112475,112449,112445,0
202510070832UTC,112445,112475,112449,112445,0
202510070833UTC,112480,112402,112499,112480,0
202510070834UTC,112480,112402,112499,112480,0
202510070835UTC,112480,112410,112488,112480,0
202510070836UTC,112480,112410,112488,112480,0
202510070837UTC,112412,112438,112465,112412,0
202510070838UTC,112412,112438,112465,112412,0
202510070839UTC,112412,112467,112477,112412,0
202510070840UTC,112412,112467,112477,112412,0
202510070841UTC,112412,112427,112438,112412,0
202510070842UTC,112412,112427,112438,112412,0
202510070843UTC,112427,112406,112433,112427,0
202510070844UTC,112427,112406,112433,112427,0
202510070845UTC,112427,112430,112432,112427,0
202510070846UTC,112427,112430,112432,112427,0
202510070847UTC,112434,112433,112434,112434,0
202510070848UTC,112434,112433,112434,112434,0
202510070849UTC,112434,112435,112434,112434,0
202510070850UTC,112434,112435,112434,112434,0
202510070851UTC,112434,112451,112477,112434,0
202510070852UTC,112434,112451,112477,112434,0
202510070853UTC,112477,112431,112477,112477,0
202510070854UTC,112477,112431,112477,112477,0
202510070855UTC,112477,112468,112470,112477,0
202510070856UTC,112477,112468,112470,112477,0
202510070857UTC,112440,112468,112500,112440,0
202510070858UTC,112440,112468,112500,112440,0
202510070859UTC,112440,112523,112519,112440,0
202510070900UTC,112440,112523,112519,112440,0
202510070901UTC,112440,112524,112589,112440,0
202510070902UTC,112440,112524,112589,112440,0
202510070903UTC,112589,112701,112745,112589,0
202510070904UTC,112589,112701,112745,112589,0
202510070905UTC,112589,112762,112839,112589,0
202510070906UTC,112589,112762,112839,112589,0
202510070907UTC,112762,112851,112900,112762,0
202510070908UTC,112762,112851,112900,112762,0
202510070909UTC,112762,112949,112950,112762,0
202510070910UTC,112762,112949,112950,112762,0
202510070911UTC,112762,112948,112950,112762,0
202510070912UTC,112762,112948,112950,112762,0
202510070913UTC,112950,112856,112939,112950,0
202510070914UTC,112950,112856,112939,112950,0
202510070915UTC,112950,112903,112949,112950,0
202510070916UTC,112950,112903,112949,112950,0
202510070917UTC,112950,112903,112950,112950,0
202510070918UTC,112950,112903,112950,112950,0
202510070919UTC,112950,112852,112891,112950,0
202510070920UTC,112950,112852,112891,112950,0
202510070921UTC,112950,112763,112849,112950,0
202510070922UTC,112950,112763,112849,112950,0
202510070923UTC,112763,112591,112590,112763,0
202510070924UTC,112763,112591,112590,112763,0
202510070925UTC,112763,112610,112820,112763,0
202510070926UTC,112763,112610,112820,112763,0
202510070927UTC,112950,112929,112949,112950,0
202510070928UTC,112950,112929,112949,112950,0
202510070929UTC,112950,112939,112979,112950,0
202510070930UTC,112950,112939,112979,112950,0
202510070931UTC,112950,112984,112999,112950,0
202510070932UTC,112950,112984,112999,112950,0
202510070933UTC,112999,112963,112982,112999,0
202510070934UTC,112999,112963,112982,112999,0
202510070935UTC,112999,113039,113100,112999,0
202510070936UTC,112999,113039,113100,112999,0
202510070937UTC,113051,113102,113191,113051,0
202510070938UTC,113051,113102,113191,113051,0
202510070939UTC,113051,113113,113191,113051,0
202510070940UTC,113051,113113,113191,113051,0
202510070941UTC,113051,113152,113344,113051,0
202510070942UTC,113051,113152,113344,113051,0
202510070943UTC,113345,113400,113425,113345,0
202510070944UTC,113345,113400,113425,113345,0
202510070945UTC,113345,113300,113389,113345,0
202510070946UTC,113345,113300,113389,113345,0
202510070947UTC,113356,113222,113260,113356,0
202510070948UTC,113356,113222,113260,113356,0
202510070949UTC,113356,113271,113384,113356,0
202510070950UTC,113356,113271,113384,113356,0
202510070951UTC,113356,113270,113386,113356,0
202510070952UTC,113356,113270,113386,113356,0
202510070953UTC,113270,113300,113355,113270,0
202510070954UTC,113270,113300,113355,113270,0
202510070955UTC,113270,113300,113333,113270,0
202510070956UTC,113270,113300,113333,113270,0
202510070957UTC,113300,113310,113330,113300,0
202510070958UTC,113300,113310,113330,113300,0
202510070959UTC,113300,113331,113332,113300,0
202510071000UTC,113300,113331,113332,113300,0
202510071001UTC,113300,113331,113332,113300,0
202510071002UTC,113300,113332,113342,113300,0
202510071003UTC,113342,113333,113342,113342,0
202510071004UTC,113342,113333,113342,113342,0
202510071005UTC,113342,113332,113333,113342,0
202510071006UTC,113342,113332,113333,113342,0
202510071007UTC,113333,113332,113340,113333,0
202510071008UTC,113333,113332,113340,113333,0
202510071009UTC,113333,113332,113340,113333,0
202510071010UTC,113333,113332,113340,113333,0
202510071011UTC,113333,113300,113340,113333,0
202510071012UTC,113333,113300,113340,113333,0
202510071013UTC,113333,113300,113340,113333,0
202510071014UTC,113340,113301,113339,113340,0
202510071015UTC,113340,113301,113339,113340,0
202510071016UTC,113340,113301,113339,113340,0
202510071017UTC,113340,113340,113341,113340,0
202510071018UTC,113340,113340,113341,113340,0
202510071019UTC,113340,113300,113340,113340,0
202510071020UTC,113340,113300,113340,113340,0
202510071021UTC,113340,113251,113340,113340,0
202510071022UTC,113340,113251,113340,113340,0
202510071023UTC,113340,113345,113384,113340,0
202510071024UTC,113340,113345,113384,113340,0
202510071025UTC,113340,113346,113380,113340,0
202510071026UTC,113340,113346,113380,113340,0
202510071027UTC,113363,113378,113379,113363,0
202510071028UTC,113363,113378,113379,113363,0
202510071029UTC,113363,113365,113379,113363,0
202510071030UTC,113363,113365,113379,113363,0
202510071031UTC,113363,113365,113379,113363,0
202510071032UTC,113363,113365,113384,113363,0
202510071033UTC,113385,113347,113385,113385,0
202510071034UTC,113385,113347,113385,113385,0
202510071035UTC,113385,113347,113385,113385,0
202510071036UTC,113385,113363,113385,113385,0
202510071037UTC,113347,113385,113404,113347,0
202510071038UTC,113347,113385,113404,113347,0
202510071039UTC,113347,113405,113428,113347,0
202510071040UTC,113347,113405,113428,113347,0
202510071041UTC,113347,113405,113406,113347,0
202510071042UTC,113347,113405,113406,113347,0
202510071043UTC,113347,113405,113406,113347,0
202510071044UTC,113405,113398,113405,113405,0
202510071045UTC,113405,113398,113405,113405,0
202510071046UTC,113405,113398,113405,113405,0
202510071047UTC,113405,113402,113428,113405,0
202510071048UTC,113405,113402,113428,113405,0
202510071049UTC,113405,113385,113388,113405,0
202510071050UTC,113405,113385,113388,113405,0
202510071051UTC,113405,113389,113404,113405,0
202510071052UTC,113405,113389,113404,113405,0
202510071053UTC,113389,113385,113395,113389,0
202510071054UTC,113389,113385,113395,113389,0
202510071055UTC,113389,113385,113427,113389,0
202510071056UTC,113389,113385,113427,113389,0
202510071057UTC,113402,113402,113415,113402,0
202510071058UTC,113402,113402,113415,113402,0
202510071059UTC,113402,113415,113420,113402,0
202510071100UTC,113402,113415,113420,113402,0
202510071101UTC,113402,113410,113425,113402,0
202510071102UTC,113402,113410,113425,113402,0
202510071103UTC,113410,113420,113427,113410,0
202510071104UTC,113410,113420,113427,113410,0
202510071105UTC,113410,113420,113427,113410,0
202510071106UTC,113410,113427,113428,113410,0
202510071107UTC,113410,113495,113497,113410,0
202510071108UTC,113410,113495,113497,113410,0
202510071109UTC,113410,113496,113497,113410,0
202510071110UTC,113410,113496,113497,113410,0
202510071111UTC,113410,113496,113497,113410,0
202510071112UTC,113410,113496,113497,113410,0
202510071113UTC,113497,113496,113497,113497,0
202510071114UTC,113497,113496,113497,113497,0
202510071115UTC,113497,113521,113599,113497,0
202510071116UTC,113497,113521,113599,113497,0
202510071117UTC,113523,113541,113598,113523,0
202510071118UTC,113523,113541,113598,113523,0
202510071119UTC,113523,113600,113615,113523,0
202510071120UTC,113523,113600,113615,113523,0
202510071121UTC,113523,113641,113650,113523,0
202510071122UTC,113523,113641,113650,113523,0
202510071123UTC,113650,113690,113699,113650,0
202510071124UTC,113650,113690,113699,113650,0
202510071125UTC,113650,113650,113696,113650,0
202510071126UTC,113650,113650,113696,113650,0
202510071127UTC,113650,113650,113673,113650,0
202510071128UTC,113650,113650,113673,113650,0
202510071129UTC,113650,113650,113672,113650,0
202510071130UTC,113650,113650,113672,113650,0
202510071131UTC,113650,113650,113671,113650,0
202510071132UTC,113650,113650,113671,113650,0
202510071133UTC,113603,113632,113640,113603,0
202510071134UTC,113603,113632,113640,113603,0
202510071135UTC,113603,113603,113640,113603,0
202510071136UTC,113603,113603,113640,113603,0
202510071137UTC,113672,113671,113672,113672,0
202510071138UTC,113672,113671,113672,113672,0
202510071139UTC,113672,113620,113650,113672,0
202510071140UTC,113672,113620,113650,113672,0
202510071141UTC,113672,113640,113671,113672,0
202510071142UTC,113672,113640,113671,113672,0
202510071143UTC,113640,113673,113699,113640,0
202510071144UTC,113640,113673,113699,113640,0
202510071145UTC,113640,113672,113673,113640,0
202510071146UTC,113640,113672,113673,113640,0
202510071147UTC,113706,113675,113698,113706,0
202510071148UTC,113706,113675,113698,113706,0
202510071149UTC,113706,113674,113675,113706,0
202510071150UTC,113706,113674,113675,113706,0
202510071151UTC,113706,113679,113986,113706,0
202510071152UTC,113706,113679,113986,113706,0
202510071153UTC,113987,113763,113976,113987,0
202510071154UTC,113987,113763,113976,113987,0
202510071155UTC,113987,113752,113901,113987,0
202510071156UTC,113987,113752,113901,113987,0
202510071157UTC,113850,113850,113888,113850,0
202510071158UTC,113850,113850,113888,113850,0
202510071159UTC,113850,113731,113799,113850,0
202510071200UTC,113850,113731,113799,113850,0
202510071201UTC,113850,113740,113748,113850,0
202510071202UTC,113850,113740,113748,113850,0
202510071203UTC,113740,113681,113690,113740,0
202510071204UTC,113740,113681,113690,113740,0
202510071205UTC,113740,113701,113750,113740,0
202510071206UTC,113740,113701,113750,113740,0
202510071207UTC,113750,113716,113865,113750,0
202510071208UTC,113750,113716,113865,113750,0
202510071209UTC,113750,113755,113849,113750,0
202510071210UTC,113750,113755,113849,113750,0
202510071211UTC,113750,113741,113814,113750,0
202510071212UTC,113750,113741,113814,113750,0
202510071213UTC,113741,113799,113800,113741,0
202510071214UTC,113741,113799,113800,113741,0
202510071215UTC,113741,113799,113814,113741,0
202510071216UTC,113741,113799,113814,113741,0
202510071217UTC,113844,113985,113987,113844,0
202510071218UTC,113844,113985,113987,113844,0
202510071219UTC,113844,113849,113979,113844,0
202510071220UTC,113844,113849,113979,113844,0
202510071221UTC,113844,113851,113969,113844,0
202510071222UTC,113844,113851,113969,113844,0
202510071223UTC,113969,113860,113901,113969,0
202510071224UTC,113969,113860,113901,113969,0
202510071225UTC,113969,113855,113901,113969,0
202510071226UTC,113969,113855,113901,113969,0
202510071227UTC,113890,113854,113890,113890,0
202510071228UTC,113890,113854,113890,113890,0
202510071229UTC,113890,113890,113900,113890,0
202510071230UTC,113890,113890,113900,113890,0
202510071231UTC,113890,113901,113950,113890,0
202510071232UTC,113890,113901,113950,113890,0
202510071233UTC,113950,113951,113979,113950,0
202510071234UTC,113950,113951,113979,113950,0
202510071235UTC,113950,113922,114050,113950,0
202510071236UTC,113950,113922,114050,113950,0
202510071237UTC,114001,114000,114001,114001,0
202510071238UTC,114001,114000,114001,114001,0
202510071239UTC,114001,113948,113951,114001,0
202510071240UTC,114001,113948,113951,114001,0
202510071241UTC,114001,113921,113926,114001,0
202510071242UTC,114001,113921,113926,114001,0
202510071243UTC,113921,113896,114129,113921,0
202510071244UTC,113921,113896,114129,113921,0
202510071245UTC,113921,113896,114129,113921,0
202510071246UTC,113921,114033,114197,113921,0
202510071247UTC,114037,114038,114176,114037,0
202510071248UTC,114037,114038,114176,114037,0
202510071249UTC,114037,114050,114097,114037,0
202510071250UTC,114037,114050,114097,114037,0
202510071251UTC,114037,114050,114097,114037,0
202510071252UTC,114037,114010,114013,114037,0
202510071253UTC,114011,114013,114097,114011,0
202510071254UTC,114011,114013,114097,114011,0
202510071255UTC,114011,113957,114036,114011,0
202510071256UTC,114011,113957,114036,114011,0
202510071257UTC,114011,114029,114030,114011,0
202510071258UTC,114011,114029,114030,114011,0
202510071259UTC,114011,113900,113901,114011,0
202510071300UTC,114011,113900,113901,114011,0
202510071301UTC,114011,113890,113900,114011,0
202510071302UTC,114011,113890,113900,114011,0
202510071303UTC,113900,113801,113800,113900,0
202510071304UTC,113900,113801,113800,113900,0
202510071305UTC,113900,113747,113799,113900,0
202510071306UTC,113900,113747,113799,113900,0
202510071307UTC,113730,113686,113730,113730,0
202510071308UTC,113730,113686,113730,113730,0
202510071309UTC,113730,113685,113730,113730,0
202510071310UTC,113730,113685,113730,113730,0
202510071311UTC,113730,113685,113700,113730,0
202510071312UTC,113730,113685,113700,113730,0
202510071313UTC,113700,113660,113683,113700,0
202510071314UTC,113700,113660,113683,113700,0
202510071315UTC,113700,113680,113690,113700,0
202510071316UTC,113700,113680,113690,113700,0
202510071317UTC,113700,113680,113690,113700,0
202510071318UTC,113684,113603,113670,113684,0
202510071319UTC,113684,113620,113621,113684,0
202510071320UTC,113684,113620,113621,113684,0
202510071321UTC,113684,113621,113670,113684,0
202510071322UTC,113684,113621,113670,113684,0
202510071323UTC,113684,113621,113670,113684,0
202510071324UTC,113621,113675,113680,113621,0
202510071325UTC,113621,113675,113680,113621,0
202510071326UTC,113621,113674,113675,113621,0
202510071327UTC,113675,113680,113684,113675,0
202510071328UTC,113675,113680,113684,113675,0
202510071329UTC,113675,113626,113688,113675,0
202510071330UTC,0,0,0,0,0
202510071331UTC,113675,113626,113688,113675,0
202510071332UTC,113675,113625,113675,113675,0
202510071333UTC,113625,113625,113650,113625,0
202510071334UTC,113625,113625,113650,113625,0
202510071335UTC,113625,113625,113675,113625,0
202510071336UTC,113625,113625,113675,113625,0
202510071337UTC,113680,113654,113675,113680,0
202510071338UTC,113680,113654,113675,113680,0
202510071339UTC,113680,113621,113675,113680,0
202510071340UTC,113680,113621,113675,113680,0
202510071341UTC,113680,113602,113646,113680,0
202510071342UTC,113680,113602,113646,113680,0
202510071343UTC,113680,113603,113685,113680,0
202510071344UTC,113680,113603,113685,113680,0
202510071345UTC,113680,113733,113734,113680,0
202510071346UTC,113680,113733,113734,113680,0
202510071347UTC,113886,113886,113899,113886,0
202510071348UTC,113886,113886,113899,113886,0
202510071349UTC,113886,113675,113884,113886,0
202510071350UTC,113886,113675,113884,113886,0
202510071351UTC,113886,113859,113860,113886,0
202510071352UTC,113886,113859,113860,113886,0
202510071353UTC,0,0,0,0,0
202510071354UTC,113863,113799,113800,113863,0
202510071355UTC,113863,113680,113853,113863,0
202510071356UTC,113863,113680,113853,113863,0
202510071357UTC,113849,113673,113845,113849,0
202510071358UTC,113849,113673,113845,113849,0
202510071359UTC,113849,113769,113835,113849,0
202510071400UTC,113849,113769,113835,113849,0
202510071401UTC,113849,113691,113766,113849,0
202510071402UTC,113849,113691,113766,113849,0
202510071403UTC,113691,113690,113799,113691,0
202510071404UTC,113691,113690,113799,113691,0
202510071405UTC,113691,113747,113748,113691,0
202510071406UTC,113691,113747,113748,113691,0
202510071407UTC,113829,113829,113848,113829,0
202510071408UTC,113829,113829,113848,113829,0
202510071409UTC,113829,113776,113848,113829,0
202510071410UTC,113829,113776,113848,113829,0
202510071411UTC,113829,113895,113896,113829,0
202510071412UTC,113829,113895,113896,113829,0
202510071413UTC,113899,113791,113829,113899,0
202510071414UTC,113899,113791,113829,113899,0
202510071415UTC,113899,113831,113850,113899,0
202510071416UTC,113899,113831,113850,113899,0
202510071417UTC,113900,113800,113831,113900,0
202510071418UTC,113900,113800,113831,113900,0
202510071419UTC,113900,113885,113991,113900,0
202510071420UTC,113900,113885,113991,113900,0
202510071421UTC,113900,113987,113992,113900,0
202510071422UTC,113900,113987,113992,113900,0
202510071423UTC,113990,113901,113980,113990,0
202510071424UTC,113990,113901,113980,113990,0
202510071425UTC,113990,113973,113979,113990,0
202510071426UTC,113990,113973,113979,113990,0
202510071427UTC,113970,113918,113989,113970,0
202510071428UTC,113970,113918,113989,113970,0
202510071429UTC,113970,114072,114073,113970,0
202510071430UTC,113970,114072,114073,113970,0
202510071431UTC,113970,114141,114149,113970,0
202510071432UTC,113970,114141,114149,113970,0
202510071433UTC,113970,114141,114149,113970,0
202510071434UTC,114155,114117,114175,114155,0
202510071435UTC,114155,114175,114176,114155,0
202510071436UTC,114155,114175,114176,114155,0
202510071437UTC,114190,114195,114203,114190,0
202510071438UTC,114190,114195,114203,114190,0
202510071439UTC,114190,114300,114305,114190,0
202510071440UTC,114190,114300,114305,114190,0
202510071441UTC,114190,114467,114468,114190,0
202510071442UTC,114190,114467,114468,114190,0
202510071443UTC,114467,114400,114421,114467,0
202510071444UTC,114467,114400,114421,114467,0
202510071445UTC,0,0,0,0,0
202510071446UTC,114467,114197,114399,114467,0
202510071447UTC,114398,114228,114395,114398,0
202510071448UTC,114398,114228,114395,114398,0
202510071449UTC,114398,114244,114389,114398,0
202510071450UTC,114398,114244,114389,114398,0
202510071451UTC,114398,114243,114388,114398,0
202510071452UTC,114398,114243,114388,114398,0
202510071453UTC,114388,114316,114389,114388,0
202510071454UTC,114388,114316,114389,114388,0
202510071455UTC,114388,114217,114372,114388,0
202510071456UTC,114388,114217,114372,114388,0
202510071457UTC,114218,114202,114292,114218,0
202510071458UTC,114218,114202,114292,114218,0
202510071459UTC,114218,114217,114298,114218,0
202510071500UTC,114218,114217,114298,114218,0
202510071501UTC,114218,114219,114300,114218,0
202510071502UTC,114218,114219,114300,114218,0
202510071503UTC,114300,114309,114310,114300,0
202510071504UTC,114300,114309,114310,114300,0
202510071505UTC,114300,114265,114310,114300,0
202510071506UTC,114300,114265,114310,114300,0
202510071507UTC,114310,114310,114317,114310,0
202510071508UTC,114310,114310,114317,114310,0
202510071509UTC,114310,114301,114415,114310,0
202510071510UTC,114310,114301,114415,114310,0
202510071511UTC,114310,114417,114418,114310,0
202510071512UTC,114310,114417,114418,114310,0
202510071513UTC,114417,114406,114421,114417,0
202510071514UTC,114417,114406,114421,114417,0
202510071515UTC,114417,114414,114421,114417,0
202510071516UTC,114417,114414,114421,114417,0
202510071517UTC,114404,114404,114438,114404,0
202510071518UTC,114404,114404,114438,114404,0
202510071519UTC,114404,114325,114395,114404,0
202510071520UTC,114404,114325,114395,114404,0
202510071521UTC,114404,114338,114400,114404,0
202510071522UTC,114404,114338,114400,114404,0
202510071523UTC,114400,114399,114400,114400,0
202510071524UTC,114400,114399,114400,114400,0
202510071525UTC,114400,114399,114400,114400,0
202510071526UTC,114400,114399,114400,114400,0
202510071527UTC,114410,114405,114450,114410,0
202510071528UTC,114410,114405,114450,114410,0
202510071529UTC,114410,114400,114470,114410,0
202510071530UTC,114410,114400,114470,114410,0
202510071531UTC,114410,114499,114500,114410,0
202510071532UTC,114410,114499,114500,114410,0
202510071533UTC,114499,114511,114577,114499,0
202510071534UTC,114499,114511,114577,114499,0
202510071535UTC,114499,114612,114769,114499,0
202510071536UTC,114499,114612,114769,114499,0
202510071537UTC,114760,114646,114769,114760,0
202510071538UTC,114760,114646,114769,114760,0
202510071539UTC,114760,114750,114767,114760,0
202510071540UTC,114760,114750,114767,114760,0
202510071541UTC,114760,114751,114767,114760,0
202510071542UTC,114760,114751,114767,114760,0
202510071543UTC,114761,114771,114843,114761,0
202510071544UTC,114761,114771,114843,114761,0
202510071545UTC,114761,114792,114864,114761,0
202510071546UTC,114761,114792,114864,114761,0
202510071547UTC,114873,114836,114875,114873,0
202510071548UTC,114873,114836,114875,114873,0
202510071549UTC,114873,114782,114872,114873,0
202510071550UTC,114873,114782,114872,114873,0
202510071551UTC,114873,114796,114864,114873,0
202510071552UTC,114873,114796,114864,114873,0
202510071553UTC,114793,114801,114869,114793,0
202510071554UTC,114793,114801,114869,114793,0
202510071555UTC,114793,114830,114870,114793,0
202510071556UTC,114793,114830,114870,114793,0
202510071557UTC,114824,114842,114873,114824,0
202510071558UTC,114824,114842,114873,114824,0
202510071559UTC,114824,114824,114832,114824,0
202510071600UTC,114824,114824,114832,114824,0
202510071601UTC,114824,114770,114773,114824,0
202510071602UTC,114824,114770,114773,114824,0
202510071603UTC,114773,114654,114750,114773,0
202510071604UTC,114773,114654,114750,114773,0
202510071605UTC,114773,114654,114655,114773,0
202510071606UTC,114773,114654,114655,114773,0
202510071607UTC,114666,114642,114666,114666,0
202510071608UTC,114666,114642,114666,114666,0
202510071609UTC,114666,114801,114874,114666,0
202510071610UTC,114666,114801,114874,114666,0
202510071611UTC,114666,115093,115100,114666,0
202510071612UTC,114666,115093,115100,114666,0
202510071613UTC,115094,115016,115094,115094,0
202510071614UTC,115094,115016,115094,115094,0
202510071615UTC,115094,115093,115099,115094,0
202510071616UTC,115094,115093,115099,115094,0
202510071617UTC,115099,115099,115143,115099,0
202510071618UTC,115099,115099,115143,115099,0
202510071619UTC,115099,115099,115129,115099,0
202510071620UTC,115099,115099,115129,115099,0
202510071621UTC,115099,115015,115090,115099,0
202510071622UTC,115099,115015,115090,115099,0
202510071623UTC,115089,115093,115098,115089,0
202510071624UTC,115089,115093,115098,115089,0
202510071625UTC,115089,115082,115083,115089,0
202510071626UTC,115089,115082,115083,115089,0
202510071627UTC,115002,114935,114980,115002,0
202510071628UTC,115002,114935,114980,115002,0
202510071629UTC,115002,115110,115119,115002,0
202510071630UTC,115002,115110,115119,115002,0
202510071631UTC,115002,115115,115146,115002,0
202510071632UTC,115002,115115,115146,115002,0
202510071633UTC,115146,115117,115119,115146,0
202510071634UTC,115146,115117,115119,115146,0
202510071635UTC,115146,115121,115178,115146,0
202510071636UTC,115146,115121,115178,115146,0
202510071637UTC,115147,115147,115179,115147,0
202510071638UTC,115147,115147,115179,115147,0
202510071639UTC,115147,115099,115144,115147,0
202510071640UTC,115147,115099,115144,115147,0
202510071641UTC,115147,115042,115080,115147,0
202510071642UTC,115147,115042,115080,115147,0
202510071643UTC,115080,115014,115098,115080,0
202510071644UTC,115080,115014,115098,115080,0
202510071645UTC,115080,114955,115079,115080,0
202510071646UTC,115080,114955,115079,115080,0
202510071647UTC,114950,114994,115069,114950,0
202510071648UTC,114950,114994,115069,114950,0
202510071649UTC,114950,115093,115099,114950,0
202510071650UTC,114950,115093,115099,114950,0
202510071651UTC,114950,115093,115097,114950,0
202510071652UTC,114950,115093,115097,114950,0
202510071653UTC,115140,114965,115092,115140,0
202510071654UTC,115140,114965,115092,115140,0
202510071655UTC,115140,114856,115085,115140,0
202510071656UTC,115140,114856,115085,115140,0
202510071657UTC,114956,114907,115049,114956,0
202510071658UTC,114956,114907,115049,114956,0
202510071659UTC,114956,114907,115049,114956,0
202510071700UTC,114956,115093,115097,114956,0
202510071701UTC,114956,115093,115097,114956,0
202510071702UTC,114956,114954,115079,114956,0
202510071703UTC,115074,115018,115070,115074,0
202510071704UTC,115074,115018,115070,115074,0
202510071705UTC,115074,114936,115066,115074,0
202510071706UTC,115074,114936,115066,115074,0
202510071707UTC,115017,114934,115056,115017,0
202510071708UTC,115017,114934,115056,115017,0
202510071709UTC,115017,114916,114957,115017,0
202510071710UTC,115017,114916,114957,115017,0
202510071711UTC,115017,114917,114990,115017,0
202510071712UTC,115017,114917,114990,115017,0
202510071713UTC,114917,114916,114951,114917,0
202510071714UTC,114917,114916,114951,114917,0
202510071715UTC,114917,114917,114965,114917,0
202510071716UTC,114917,114917,114965,114917,0
202510071717UTC,114917,114917,114965,114917,0
202510071718UTC,114917,114917,114918,114917,0
202510071719UTC,114917,114918,114939,114917,0
202510071720UTC,114917,114918,114939,114917,0
202510071721UTC,114917,114829,114901,114917,0
202510071722UTC,114917,114829,114901,114917,0
202510071723UTC,114902,114344,114838,114902,0
202510071724UTC,114902,114344,114838,114902,0
202510071725UTC,114902,114652,114783,114902,0
202510071726UTC,114902,114652,114783,114902,0
202510071727UTC,114781,114718,114780,114781,0
202510071728UTC,114781,114718,114780,114781,0
202510071729UTC,114781,114685,114782,114781,0
202510071730UTC,114781,114685,114782,114781,0
202510071731UTC,114781,114724,114774,114781,0
202510071732UTC,114781,114724,114774,114781,0
202510071733UTC,114724,114718,114769,114724,0
202510071734UTC,114724,114718,114769,114724,0
202510071735UTC,114724,114701,114724,114724,0
202510071736UTC,114724,114701,114724,114724,0
202510071737UTC,114701,114532,114691,114701,0
202510071738UTC,114701,114532,114691,114701,0
202510071739UTC,114701,114692,114695,114701,0
202510071740UTC,114701,114692,114695,114701,0
202510071741UTC,114701,114545,114646,114701,0
202510071742UTC,114701,114545,114646,114701,0
202510071743UTC,114647,114566,114575,114647,0
202510071744UTC,114647,114566,114575,114647,0
202510071745UTC,114647,114670,114695,114647,0
202510071746UTC,114647,114670,114695,114647,0
202510071747UTC,114647,114670,114695,114647,0
202510071748UTC,114694,114605,114620,114694,0
202510071749UTC,114694,114580,114646,114694,0
202510071750UTC,114694,114580,114646,114694,0
202510071751UTC,114694,114565,114694,114694,0
202510071752UTC,114694,114565,114694,114694,0
202510071753UTC,114600,114526,114572,114600,0
202510071754UTC,114600,114526,114572,114600,0
202510071755UTC,114600,114525,114565,114600,0
202510071756UTC,114600,114525,114565,114600,0
202510071757UTC,114568,114570,114606,114568,0
202510071758UTC,114568,114570,114606,114568,0
202510071759UTC,114568,114568,114600,114568,0
202510071800UTC,114568,114568,114600,114568,0
202510071801UTC,114568,114607,114644,114568,0
202510071802UTC,114568,114607,114644,114568,0
202510071803UTC,114589,114622,114644,114589,0
202510071804UTC,114589,114622,114644,114589,0
202510071805UTC,114589,114654,114693,114589,0
202510071806UTC,114589,114654,114693,114589,0
202510071807UTC,114741,114627,114741,114741,0
202510071808UTC,114741,114627,114741,114741,0
202510071809UTC,114741,114743,114776,114741,0
202510071810UTC,114741,114743,114776,114741,0
202510071811UTC,114741,114789,114799,114741,0
202510071812UTC,114741,114789,114799,114741,0
202510071813UTC,114799,114846,114946,114799,0
202510071814UTC,114799,114846,114946,114799,0
202510071815UTC,114799,114857,114945,114799,0
202510071816UTC,114799,114857,114945,114799,0
202510071817UTC,114857,114946,114947,114857,0
202510071818UTC,114857,114946,114947,114857,0
202510071819UTC,114857,114870,114947,114857,0
202510071820UTC,114857,114870,114947,114857,0
202510071821UTC,114857,114946,114952,114857,0
202510071822UTC,114857,114946,114952,114857,0
202510071823UTC,114952,114936,114999,114952,0
202510071824UTC,114952,114936,114999,114952,0
202510071825UTC,114952,115001,115072,114952,0
202510071826UTC,114952,115001,115072,114952,0
202510071827UTC,115070,115017,115067,115070,0
202510071828UTC,115070,115017,115067,115070,0
202510071829UTC,115070,115008,115009,115070,0
202510071830UTC,115070,115008,115009,115070,0
202510071831UTC,115070,115000,115003,115070,0
202510071832UTC,115070,115000,115003,115070,0
202510071833UTC,115000,114965,115005,115000,0
202510071834UTC,115000,114965,115005,115000,0
202510071835UTC,115000,114948,115017,115000,0
202510071836UTC,115000,114948,115017,115000,0
202510071837UTC,115001,114948,115000,115001,0
202510071838UTC,115001,114948,115000,115001,0
202510071839UTC,115001,114916,114999,115001,0
202510071840UTC,115001,114916,114999,115001,0
202510071841UTC,115001,114907,114999,115001,0
202510071842UTC,115001,114907,114999,115001,0
202510071843UTC,114926,114892,114940,114926,0
202510071844UTC,114926,114892,114940,114926,0
202510071845UTC,114926,114916,114926,114926,0
202510071846UTC,114926,114916,114926,114926,0
202510071847UTC,114895,114892,114893,114895,0
202510071848UTC,114895,114892,114893,114895,0
202510071849UTC,114895,114880,114896,114895,0
202510071850UTC,114895,114880,114896,114895,0
202510071851UTC,114895,114896,114900,114895,0
202510071852UTC,114895,114896,114900,114895,0
202510071853UTC,114999,114931,114999,114999,0
202510071854UTC,114999,114931,114999,114999,0
202510071855UTC,114999,115000,115040,114999,0
202510071856UTC,114999,115000,115040,114999,0
202510071857UTC,114935,115040,115045,114935,0
202510071858UTC,114935,115040,115045,114935,0
202510071859UTC,114935,114954,115059,114935,0
202510071900UTC,114935,114954,115059,114935,0
202510071901UTC,114935,114998,115000,114935,0
202510071902UTC,114935,114998,115000,114935,0
202510071903UTC,114913,115015,115030,114913,0
202510071904UTC,114913,115015,115030,114913,0
202510071905UTC,114913,115000,115033,114913,0
202510071906UTC,114913,115000,115033,114913,0
202510071907UTC,115050,115000,115050,115050,0
202510071908UTC,115050,115000,115050,115050,0
202510071909UTC,115050,114952,115047,115050,0
202510071910UTC,115050,114952,115047,115050,0
202510071911UTC,115050,114979,115010,115050,0
202510071912UTC,115050,114979,115010,115050,0
202510071913UTC,115010,114926,115008,115010,0
202510071914UTC,115010,114926,115008,115010,0
202510071915UTC,115010,114999,115010,115010,0
202510071916UTC,115010,114999,115010,115010,0
202510071917UTC,114936,114911,114930,114936,0
202510071918UTC,114936,114911,114930,114936,0
202510071919UTC,114936,114941,114999,114936,0
202510071920UTC,114936,114941,114999,114936,0
202510071921UTC,114936,114941,114999,114936,0
202510071922UTC,114936,114916,114930,114936,0
202510071923UTC,114930,114923,114930,114930,0
202510071924UTC,114930,114923,114930,114930,0
202510071925UTC,114930,114928,114994,114930,0
202510071926UTC,114930,114928,114994,114930,0
202510071927UTC,114933,114935,114990,114933,0
202510071928UTC,114933,114935,114990,114933,0
202510071929UTC,114933,114934,114935,114933,0
202510071930UTC,114933,114934,114935,114933,0
202510071931UTC,114933,114935,114995,114933,0
202510071932UTC,114933,114935,114995,114933,0
202510071933UTC,114935,114801,114934,114935,0
202510071934UTC,114935,114801,114934,114935,0
202510071935UTC,114935,114935,114940,114935,0
202510071936UTC,114935,114935,114940,114935,0
202510071937UTC,114934,114900,114912,114934,0
202510071938UTC,114934,114900,114912,114934,0
202510071939UTC,114934,114900,114910,114934,0
202510071940UTC,114934,114900,114910,114934,0
202510071941UTC,114934,114882,114900,114934,0
202510071942UTC,114934,114882,114900,114934,0
202510071943UTC,114900,114855,114873,114900,0
202510071944UTC,114900,114855,114873,114900,0
202510071945UTC,114900,114854,114855,114900,0
202510071946UTC,114900,114854,114855,114900,0
202510071947UTC,114854,114870,114871,114854,0
202510071948UTC,114854,114870,114871,114854,0
202510071949UTC,114854,114756,114800,114854,0
202510071950UTC,114854,114756,114800,114854,0
202510071951UTC,114854,114499,114500,114854,0
202510071952UTC,114854,114499,114500,114854,0
202510071953UTC,114500,114481,114500,114500,0
202510071954UTC,114500,114481,114500,114500,0
202510071955UTC,114500,114499,114500,114500,0
202510071956UTC,114500,114499,114500,114500,0
202510071957UTC,114796,114589,114793,114796,0
202510071958UTC,114796,114589,114793,114796,0
202510071959UTC,114796,114608,114793,114796,0
202510072000UTC,114796,114608,114793,114796,0
202510072001UTC,114796,114660,114791,114796,0
202510072002UTC,114796,114660,114791,114796,0
202510072003UTC,114791,114615,114688,114791,0
202510072004UTC,114791,114615,114688,114791,0
202510072005UTC,114791,114693,114785,114791,0
202510072006UTC,114791,114693,114785,114791,0
202510072007UTC,114768,114703,114757,114768,0
202510072008UTC,114768,114703,114757,114768,0
202510072009UTC,114768,114702,114752,114768,0
202510072010UTC,114768,114702,114752,114768,0
202510072011UTC,114768,114693,114700,114768,0
202510072012UTC,114768,114693,114700,114768,0
202510072013UTC,114699,114693,114697,114699,0
202510072014UTC,114699,114693,114697,114699,0
202510072015UTC,114699,114695,114748,114699,0
202510072016UTC,114699,114695,114748,114699,0
202510072017UTC,114748,114650,114696,114748,0
202510072018UTC,114748,114650,114696,114748,0
202510072019UTC,114748,114609,114698,114748,0
202510072020UTC,114748,114609,114698,114748,0
202510072021UTC,114748,114698,114699,114748,0
202510072022UTC,114748,114698,114699,114748,0
202510072023UTC,114699,114747,114748,114699,0
202510072024UTC,114699,114747,114748,114699,0
202510072025UTC,114699,114615,114787,114699,0
202510072026UTC,114699,114615,114787,114699,0
202510072027UTC,114784,114704,114782,114784,0
202510072028UTC,114784,114704,114782,114784,0
202510072029UTC,114784,114715,114785,114784,0
202510072030UTC,114784,114715,114785,114784,0
202510072031UTC,114784,114674,114786,114784,0
202510072032UTC,114784,114674,114786,114784,0
202510072033UTC,114680,114638,114787,114680,0
202510072034UTC,114680,114638,114787,114680,0
202510072035UTC,114680,114651,114782,114680,0
202510072036UTC,114680,114651,114782,114680,0
202510072037UTC,114770,114694,114768,114770,0
202510072038UTC,114770,114694,114768,114770,0
202510072039UTC,114770,114744,114768,114770,0
202510072040UTC,114770,114744,114768,114770,0
202510072041UTC,114770,114745,114756,114770,0
202510072042UTC,114770,114745,114756,114770,0
202510072043UTC,114756,114747,114756,114756,0
202510072044UTC,114756,114747,114756,114756,0
202510072045UTC,114756,114699,114700,114756,0
202510072046UTC,114756,114699,114700,114756,0
202510072047UTC,114693,114626,114694,114693,0
202510072048UTC,114693,114626,114694,114693,0
202510072049UTC,114693,114717,114791,114693,0
202510072050UTC,114693,114717,114791,114693,0
202510072051UTC,114693,114460,114840,114693,0
202510072052UTC,114693,114460,114840,114693,0
202510072053UTC,114840,114750,114838,114840,0
202510072054UTC,114840,114750,114838,114840,0
202510072055UTC,114840,114775,114830,114840,0
202510072056UTC,114840,114775,114830,114840,0
202510072057UTC,114830,114800,114829,114830,0
202510072058UTC,114830,114800,114829,114830,0
202510072059UTC,114830,114786,114830,114830,0
202510072100UTC,114830,114786,114830,114830,0
202510072101UTC,114830,114699,114700,114830,0
202510072102UTC,114830,114699,114700,114830,0
202510072103UTC,114700,114652,114700,114700,0
202510072104UTC,114700,114652,114700,114700,0
202510072105UTC,114700,114681,114700,114700,0
202510072106UTC,114700,114681,114700,114700,0
202510072107UTC,114682,114697,114700,114682,0
202510072108UTC,114682,114697,114700,114682,0
202510072109UTC,114682,114656,114700,114682,0
202510072110UTC,114682,114656,114700,114682,0
202510072111UTC,114682,114656,114700,114682,0
202510072112UTC,114682,114771,114829,114682,0
202510072113UTC,114830,114830,114839,114830,0
202510072114UTC,114830,114830,114839,114830,0
202510072115UTC,114830,114829,114842,114830,0
202510072116UTC,114830,114829,114842,114830,0
202510072117UTC,114772,114829,114845,114772,0
202510072118UTC,114772,114829,114845,114772,0
202510072119UTC,114772,114755,114827,114772,0
202510072120UTC,114772,114755,114827,114772,0
202510072121UTC,114772,114787,114847,114772,0
202510072122UTC,114772,114787,114847,114772,0
202510072123UTC,114786,114847,114848,114786,0
202510072124UTC,114786,114847,114848,114786,0
202510072125UTC,114786,114785,114848,114786,0
202510072126UTC,114786,114785,114848,114786,0
202510072127UTC,114848,114847,114849,114848,0
202510072128UTC,114848,114847,114849,114848,0
202510072129UTC,114848,114790,114849,114848,0
202510072130UTC,114848,114790,114849,114848,0
202510072131UTC,114848,114848,114849,114848,0
202510072132UTC,114848,114848,114849,114848,0
202510072133UTC,114849,114848,114850,114849,0
202510072134UTC,114849,114848,114850,114849,0
202510072135UTC,114849,114796,114850,114849,0
202510072136UTC,114849,114796,114850,114849,0
202510072137UTC,114850,114791,114849,114850,0
202510072138UTC,114850,114791,114849,114850,0
202510072139UTC,114850,114794,114850,114850,0
202510072140UTC,114850,114794,114850,114850,0
202510072141UTC,114850,114800,114823,114850,0
202510072142UTC,114850,114800,114823,114850,0
202510072143UTC,114799,114792,114794,114799,0
202510072144UTC,114799,114792,114794,114799,0
202510072145UTC,114799,114781,114849,114799,0
202510072146UTC,114799,114781,114849,114799,0
202510072147UTC,114775,114542,114843,114775,0
202510072148UTC,114775,114542,114843,114775,0
202510072149UTC,114775,114555,114734,114775,0
202510072150UTC,114775,114555,114734,114775,0
202510072151UTC,114775,114486,114649,114775,0
202510072152UTC,114775,114486,114649,114775,0
202510072153UTC,114775,114701,114793,114775,0
202510072154UTC,114775,114701,114793,114775,0
202510072155UTC,114775,114720,114844,114775,0
202510072156UTC,114775,114720,114844,114775,0
202510072157UTC,114723,114727,114728,114723,0
202510072158UTC,114723,114727,114728,114723,0
202510072159UTC,114723,114793,114845,114723,0
202510072200UTC,114723,114793,114845,114723,0
202510072201UTC,114723,114781,114843,114723,0
202510072202UTC,114723,114781,114843,114723,0
202510072203UTC,114843,114722,114723,114843,0
202510072204UTC,114843,114722,114723,114843,0
202510072205UTC,114843,114843,114845,114843,0
202510072206UTC,114843,114843,114845,114843,0
202510072207UTC,114764,114843,114844,114764,0
202510072208UTC,114764,114843,114844,114764,0
202510072209UTC,114764,114764,114844,114764,0
202510072210UTC,114764,114764,114844,114764,0
202510072211UTC,114764,114787,114850,114764,0
202510072212UTC,114764,114787,114850,114764,0
202510072213UTC,114849,114814,114850,114849,0
202510072214UTC,114849,114814,114850,114849,0
202510072215UTC,114849,114650,114818,114849,0
202510072216UTC,114849,114650,114818,114849,0
202510072217UTC,114789,114553,114718,114789,0
202510072218UTC,114789,114553,114718,114789,0
202510072219UTC,114789,114693,114772,114789,0
202510072220UTC,114789,114693,114772,114789,0
202510072221UTC,114789,114708,114760,114789,0
202510072222UTC,114789,114708,114760,114789,0
202510072223UTC,114760,114702,114759,114760,0
202510072224UTC,114760,114702,114759,114760,0
202510072225UTC,114760,114733,114758,114760,0
202510072226UTC,114760,114733,114758,114760,0
202510072227UTC,114848,114768,114847,114848,0
202510072228UTC,114848,114768,114847,114848,0
202510072229UTC,114848,114744,114832,114848,0
202510072230UTC,114848,114744,114832,114848,0
202510072231UTC,114848,114677,114838,114848,0
202510072232UTC,114848,114677,114838,114848,0
202510072233UTC,114680,114714,114769,114680,0
202510072234UTC,114680,114714,114769,114680,0
202510072235UTC,114680,114725,114838,114680,0
202510072236UTC,114680,114725,114838,114680,0
202510072237UTC,114727,114504,114655,114727,0
202510072238UTC,114727,114504,114655,114727,0
202510072239UTC,114727,114546,114841,114727,0
202510072240UTC,114727,114546,114841,114727,0
202510072241UTC,114727,114507,114840,114727,0
202510072242UTC,114727,114507,114840,114727,0
202510072243UTC,114727,114522,114735,114727,0
202510072244UTC,114727,114522,114735,114727,0
202510072245UTC,114727,114672,114690,114727,0
202510072246UTC,114727,114672,114690,114727,0
202510072247UTC,114679,114669,114680,114679,0
202510072248UTC,114679,114669,114680,114679,0
202510072249UTC,114679,114528,114673,114679,0
202510072250UTC,114679,114528,114673,114679,0
202510072251UTC,114679,114842,114843,114679,0
202510072252UTC,114679,114842,114843,114679,0
202510072253UTC,114842,114751,114845,114842,0
202510072254UTC,114842,114751,114845,114842,0
202510072255UTC,114842,114845,114847,114842,0
202510072256UTC,114842,114845,114847,114842,0
202510072257UTC,114756,114714,114784,114756,0
202510072258UTC,114756,114714,114784,114756,0
202510072259UTC,114756,114715,114848,114756,0
202510072300UTC,114756,114715,114848,114756,0
202510072301UTC,114756,114742,114847,114756,0
202510072302UTC,114756,114742,114847,114756,0
202510072303UTC,114847,114764,114847,114847,0
202510072304UTC,114847,114764,114847,114847,0
202510072305UTC,114847,114847,114849,114847,0
202510072306UTC,114847,114847,114849,114847,0
202510072307UTC,114850,114849,114850,114850,0
202510072308UTC,114850,114849,114850,114850,0
202510072309UTC,114850,114849,114850,114850,0
202510072310UTC,114850,114849,114850,114850,0
202510072311UTC,114850,114849,114850,114850,0
202510072312UTC,114850,114849,114850,114850,0
202510072313UTC,114850,114849,114850,114850,0
202510072314UTC,114850,114849,114850,114850,0
202510072315UTC,114850,114849,114850,114850,0
202510072316UTC,114850,114849,114850,114850,0
202510072317UTC,114850,114847,114848,114850,0
202510072318UTC,114850,114847,114848,114850,0
202510072319UTC,114850,114847,114848,114850,0
202510072320UTC,114850,114847,114848,114850,0
202510072321UTC,114850,114847,114848,114850,0
202510072322UTC,114850,114847,114848,114850,0
202510072323UTC,114847,114847,114848,114847,0
202510072324UTC,114847,114847,114848,114847,0
202510072325UTC,114847,114802,114848,114847,0
202510072326UTC,114847,114802,114848,114847,0
202510072327UTC,114848,114832,114848,114848,0
202510072328UTC,114848,114832,114848,114848,0
202510072329UTC,114848,114846,114848,114848,0
202510072330UTC,114848,114846,114848,114848,0
202510072331UTC,114848,114847,114848,114848,0
202510072332UTC,114848,114847,114848,114848,0
202510072333UTC,114847,114803,114847,114847,0
202510072334UTC,114847,114803,114847,114847,0
202510072335UTC,114847,114811,114848,114847,0
202510072336UTC,114847,114811,114848,114847,0
202510072337UTC,114804,114825,114847,114804,0
202510072338UTC,114804,114825,114847,114804,0
202510072339UTC,114804,114812,114813,114804,0
202510072340UTC,114804,114812,114813,114804,0
202510072341UTC,114804,114791,114847,114804,0
202510072342UTC,114804,114791,114847,114804,0
202510072343UTC,114850,114797,114850,114850,0
202510072344UTC,114850,114797,114850,114850,0
202510072345UTC,114850,114849,114850,114850,0
202510072346UTC,114850,114849,114850,114850,0
202510072347UTC,114850,114849,114850,114850,0
202510072348UTC,114850,114849,114850,114850,0
202510072349UTC,114850,114849,114850,114850,0
202510072350UTC,114850,114849,114850,114850,0
202510072351UTC,114850,114849,114850,114850,0
202510072352UTC,114850,114849,114850,114850,0
202510072353UTC,114850,114708,114850,114850,0
202510072354UTC,114850,114708,114850,114850,0
202510072355UTC,114850,114867,114870,114850,0
202510072356UTC,114850,114867,114870,114850,0
202510072357UTC,114867,114584,114726,114867,0
202510072358UTC,114867,114584,114726,114867,0
202510072359UTC,114867,114868,114869,114867,0
202510080000UTC,114867,114868,114869,114867,0
202510080001UTC,114867,114778,114779,114867,0
202510080002UTC,114867,114778,114779,114867,0
202510080003UTC,114777,114808,114869,114777,0
202510080004UTC,114777,114808,114869,114777,0
202510080005UTC,114777,114785,114866,114777,0
202510080006UTC,114777,114785,114866,114777,0
202510080007UTC,114777,114644,114656,114777,0
202510080008UTC,114777,114644,114656,114777,0
202510080009UTC,114777,114678,114774,114777,0
202510080010UTC,114777,114678,114774,114777,0
202510080011UTC,114777,114853,114872,114777,0
202510080012UTC,114777,114853,114872,114777,0
202510080013UTC,114872,114856,114875,114872,0
202510080014UTC,114872,114856,114875,114872,0
202510080015UTC,114872,114854,114855,114872,0
202510080016UTC,114872,114854,114855,114872,0
202510080017UTC,114872,114740,114852,114872,0
202510080018UTC,114872,114740,114852,114872,0
202510080019UTC,114872,114745,114872,114872,0
202510080020UTC,114872,114745,114872,114872,0
202510080021UTC,114872,114874,114875,114872,0
202510080022UTC,114872,114874,114875,114872,0
202510080023UTC,114875,114769,114874,114875,0
202510080024UTC,114875,114769,114874,114875,0
202510080025UTC,114875,114816,114874,114875,0
202510080026UTC,114875,114816,114874,114875,0
202510080027UTC,114772,114820,114875,114772,0
202510080028UTC,114772,114820,114875,114772,0
202510080029UTC,114772,114805,114875,114772,0
202510080030UTC,114772,114805,114875,114772,0
202510080031UTC,114772,114808,114816,114772,0
202510080032UTC,114772,114808,114816,114772,0
202510080033UTC,114808,114816,114874,114808,0
202510080034UTC,114808,114816,114874,114808,0
202510080035UTC,114808,114812,114875,114808,0
202510080036UTC,114808,114812,114875,114808,0
202510080037UTC,114808,114792,114874,114808,0
202510080038UTC,114808,114792,114874,114808,0
202510080039UTC,114808,114793,114808,114808,0
202510080040UTC,114808,114793,114808,114808,0
202510080041UTC,114808,114805,114874,114808,0
202510080042UTC,114808,114805,114874,114808,0
202510080043UTC,114808,114805,114875,114808,0
202510080044UTC,114808,114805,114875,114808,0
202510080045UTC,114808,114874,114875,114808,0
202510080046UTC,114808,114874,114875,114808,0
202510080047UTC,114875,114826,114874,114875,0
202510080048UTC,114875,114826,114874,114875,0
202510080049UTC,114875,114851,114874,114875,0
202510080050UTC,114875,114851,114874,114875,0
202510080051UTC,114875,114854,114863,114875,0
202510080052UTC,114875,114854,114863,114875,0
202510080053UTC,114863,114853,114854,114863,0
202510080054UTC,114863,114853,114854,114863,0
202510080055UTC,114863,114828,114850,114863,0
202510080056UTC,114863,114828,114850,114863,0
202510080057UTC,114843,114824,114839,114843,0
202510080058UTC,114843,114824,114839,114843,0
202510080059UTC,114843,114795,114824,114843,0
202510080100UTC,114843,114795,114824,114843,0
202510080101UTC,114843,114795,114824,114843,0
202510080102UTC,114843,114819,114874,114843,0
202510080103UTC,114874,114820,114847,114874,0
202510080104UTC,114874,114820,114847,114874,0
202510080105UTC,114874,114855,114873,114874,0
202510080106UTC,114874,114855,114873,114874,0
202510080107UTC,114873,114805,114872,114873,0
202510080108UTC,114873,114805,114872,114873,0
202510080109UTC,114873,114819,114875,114873,0
202510080110UTC,114873,114819,114875,114873,0
202510080111UTC,114873,114851,114875,114873,0
202510080112UTC,114873,114851,114875,114873,0
202510080113UTC,114855,114825,114875,114855,0
202510080114UTC,114855,114825,114875,114855,0
202510080115UTC,114855,114829,114874,114855,0
202510080116UTC,114855,114829,114874,114855,0
202510080117UTC,114815,114824,114874,114815,0
202510080118UTC,114815,114824,114874,114815,0
202510080119UTC,114815,114828,114874,114815,0
202510080120UTC,114815,114828,114874,114815,0
202510080121UTC,114815,114872,114875,114815,0
202510080122UTC,114815,114872,114875,114815,0
202510080123UTC,114863,114818,114875,114863,0
202510080124UTC,114863,114818,114875,114863,0
202510080125UTC,114863,114819,114875,114863,0
202510080126UTC,114863,114819,114875,114863,0
202510080127UTC,114863,114818,114875,114863,0
202510080128UTC,114863,114818,114875,114863,0
202510080129UTC,114863,114744,114789,114863,0
202510080130UTC,114863,114744,114789,114863,0
202510080131UTC,114863,114719,114787,114863,0
202510080132UTC,114863,114719,114787,114863,0
202510080133UTC,114787,114729,114789,114787,0
202510080134UTC,114787,114729,114789,114787,0
202510080135UTC,114787,114694,114712,114787,0
202510080136UTC,114787,114694,114712,114787,0
202510080137UTC,114787,114698,114785,114787,0
202510080138UTC,114787,114698,114785,114787,0
202510080139UTC,114787,114719,114815,114787,0
202510080140UTC,114787,114719,114815,114787,0
202510080141UTC,114787,114790,114858,114787,0
202510080142UTC,114787,114790,114858,114787,0
202510080143UTC,114800,114796,114853,114800,0
202510080144UTC,114800,114796,114853,114800,0
202510080145UTC,114800,114794,114795,114800,0
202510080146UTC,114800,114794,114795,114800,0
202510080147UTC,114852,114729,114783,114852,0
202510080148UTC,114852,114729,114783,114852,0
202510080149UTC,114852,114715,114783,114852,0
202510080150UTC,114852,114715,114783,114852,0
202510080151UTC,114852,114682,114700,114852,0
202510080152UTC,114852,114682,114700,114852,0
202510080153UTC,114682,114679,114680,114682,0
202510080154UTC,114682,114679,114680,114682,0
202510080155UTC,114682,114690,114782,114682,0
202510080156UTC,114682,114690,114782,114682,0
202510080157UTC,114679,114676,114694,114679,0
202510080158UTC,114679,114676,114694,114679,0
202510080159UTC,114679,114708,114786,114679,0
202510080200UTC,114679,114708,114786,114679,0
202510080201UTC,114679,114708,114786,114679,0
202510080202UTC,114679,114821,114874,114679,0
202510080203UTC,114875,114811,114874,114875,0
202510080204UTC,114875,114811,114874,114875,0
202510080205UTC,114875,114810,114874,114875,0
202510080206UTC,114875,114810,114874,114875,0
202510080207UTC,114704,114817,114874,114704,0
202510080208UTC,114704,114817,114874,114704,0
202510080209UTC,114704,114711,114872,114704,0
202510080210UTC,114704,114711,114872,114704,0
202510080211UTC,114704,114729,114868,114704,0
202510080212UTC,114704,114729,114868,114704,0
202510080213UTC,114723,114874,114875,114723,0
202510080214UTC,114723,114874,114875,114723,0
202510080215UTC,114723,114783,114875,114723,0
202510080216UTC,114723,114783,114875,114723,0
202510080217UTC,114874,114786,114874,114874,0
202510080218UTC,114874,114786,114874,114874,0
202510080219UTC,114874,114773,114873,114874,0
202510080220UTC,114874,114773,114873,114874,0
202510080221UTC,114874,114805,114874,114874,0
202510080222UTC,114874,114805,114874,114874,0
202510080223UTC,114875,114795,114874,114875,0
202510080224UTC,114875,114795,114874,114875,0
202510080225UTC,114875,114835,114871,114875,0
202510080226UTC,114875,114835,114871,114875,0
202510080227UTC,114875,114792,114835,114875,0
202510080228UTC,114875,114792,114835,114875,0
202510080229UTC,114875,114794,114869,114875,0
202510080230UTC,114875,114794,114869,114875,0
202510080231UTC,114875,114753,114779,114875,0
202510080232UTC,114875,114753,114779,114875,0
202510080233UTC,114761,114739,114872,114761,0
202510080234UTC,114761,114739,114872,114761,0
202510080235UTC,114761,114778,114871,114761,0
202510080236UTC,114761,114778,114871,114761,0
202510080237UTC,114776,114779,114871,114776,0
202510080238UTC,114776,114779,114871,114776,0
202510080239UTC,114776,114761,114871,114776,0
202510080240UTC,114776,114761,114871,114776,0
202510080241UTC,114776,114768,114773,114776,0
202510080242UTC,114776,114768,114773,114776,0
202510080243UTC,114783,114732,114869,114783,0
202510080244UTC,114783,114732,114869,114783,0
202510080245UTC,114783,114793,114869,114783,0
202510080246UTC,114783,114793,114869,114783,0
202510080247UTC,114874,114803,114874,114874,0
202510080248UTC,114874,114803,114874,114874,0
202510080249UTC,114874,114811,114874,114874,0
202510080250UTC,114874,114811,114874,114874,0
202510080251UTC,114874,114829,114850,114874,0
202510080252UTC,114874,114829,114850,114874,0
202510080253UTC,114829,114708,114773,114829,0
202510080254UTC,114829,114708,114773,114829,0
202510080255UTC,114829,114726,114760,114829,0
202510080256UTC,114829,114726,114760,114829,0
202510080257UTC,114760,114726,114760,114760,0
202510080258UTC,114760,114726,114760,114760,0
202510080259UTC,114760,114746,114818,114760,0
202510080300UTC,114760,114746,114818,114760,0
202510080301UTC,114760,114722,114760,114760,0
202510080302UTC,114760,114722,114760,114760,0
202510080303UTC,114808,114764,114805,114808,0
202510080304UTC,114808,114764,114805,114808,0
202510080305UTC,114808,114724,114731,114808,0
202510080306UTC,114808,114724,114731,114808,0
202510080307UTC,114742,114791,114846,114742,0
202510080308UTC,114742,114791,114846,114742,0
202510080309UTC,114742,114768,114798,114742,0
202510080310UTC,114742,114768,114798,114742,0
202510080311UTC,114742,114821,114875,114742,0
202510080312UTC,114742,114821,114875,114742,0
202510080313UTC,114809,114721,114874,114809,0
202510080314UTC,114809,114721,114874,114809,0
202510080315UTC,114809,114761,114875,114809,0
202510080316UTC,114809,114761,114875,114809,0
202510080317UTC,114875,114810,114819,114875,0
202510080318UTC,114875,114810,114819,114875,0
202510080319UTC,114875,114814,114873,114875,0
202510080320UTC,114875,114814,114873,114875,0
202510080321UTC,114875,114809,114874,114875,0
202510080322UTC,114875,114809,114874,114875,0
202510080323UTC,114874,114890,114899,114874,0
202510080324UTC,114874,114890,114899,114874,0
202510080325UTC,114874,114875,114899,114874,0
202510080326UTC,114874,114875,114899,114874,0
202510080327UTC,114898,114898,114900,114898,0
202510080328UTC,114898,114898,114900,114898,0
202510080329UTC,114898,114886,114890,114898,0
202510080330UTC,114898,114886,114890,114898,0
202510080331UTC,114898,114899,114900,114898,0
202510080332UTC,114898,114899,114900,114898,0
202510080333UTC,114899,114892,114894,114899,0
202510080334UTC,114899,114892,114894,114899,0
202510080335UTC,114899,114889,114900,114899,0
202510080336UTC,114899,114889,114900,114899,0
202510080337UTC,114891,114884,114891,114891,0
202510080338UTC,114891,114884,114891,114891,0
202510080339UTC,114891,114898,114900,114891,0
202510080340UTC,114891,114898,114900,114891,0
202510080341UTC,114891,114893,114900,114891,0
202510080342UTC,114891,114893,114900,114891,0
202510080343UTC,114900,114891,114900,114900,0
202510080344UTC,114900,114891,114900,114900,0
202510080345UTC,114900,114886,114900,114900,0
202510080346UTC,114900,114886,114900,114900,0
202510080347UTC,114900,114895,114900,114900,0
202510080348UTC,114900,114895,114900,114900,0
202510080349UTC,114900,114840,114900,114900,0
202510080350UTC,114900,114840,114900,114900,0
202510080351UTC,114900,114859,114900,114900,0
202510080352UTC,114900,114859,114900,114900,0
202510080353UTC,114859,114898,114899,114859,0
202510080354UTC,114859,114898,114899,114859,0
202510080355UTC,114859,114876,114898,114859,0
202510080356UTC,114859,114876,114898,114859,0
202510080357UTC,114875,114890,114898,114875,0
202510080358UTC,114875,114890,114898,114875,0
202510080359UTC,114875,114893,114898,114875,0
202510080400UTC,114875,114893,114898,114875,0
202510080401UTC,114875,114897,114898,114875,0
202510080402UTC,114875,114897,114898,114875,0
202510080403UTC,114898,114894,114900,114898,0
202510080404UTC,114898,114894,114900,114898,0
202510080405UTC,114898,114896,114900,114898,0
202510080406UTC,114898,114896,114900,114898,0
202510080407UTC,114895,114899,114900,114895,0
202510080408UTC,114895,114899,114900,114895,0
202510080409UTC,114895,114896,114897,114895,0
202510080410UTC,114895,114896,114897,114895,0
202510080411UTC,114895,114897,114898,114895,0
202510080412UTC,114895,114897,114898,114895,0
202510080413UTC,114896,114897,114899,114896,0
202510080414UTC,114896,114897,114899,114896,0
202510080415UTC,114896,114899,114925,114896,0
202510080416UTC,114896,114899,114925,114896,0
202510080417UTC,114896,114908,114924,114896,0
202510080418UTC,114896,114908,114924,114896,0
202510080419UTC,114896,114923,114925,114896,0
202510080420UTC,114896,114923,114925,114896,0
202510080421UTC,114896,114924,114925,114896,0
202510080422UTC,114896,114924,114925,114896,0
202510080423UTC,114925,114924,114925,114925,0
202510080424UTC,114925,114924,114925,114925,0
202510080425UTC,114925,114924,114925,114925,0
202510080426UTC,114925,114924,114925,114925,0
202510080427UTC,114925,114924,114925,114925,0
202510080428UTC,114925,114924,114925,114925,0
202510080429UTC,114925,114924,114925,114925,0
202510080430UTC,114925,114924,114925,114925,0
202510080431UTC,114925,114909,114925,114925,0
202510080432UTC,114925,114909,114925,114925,0
202510080433UTC,114925,114902,114924,114925,0
202510080434UTC,114925,114902,114924,114925,0
202510080435UTC,114925,114908,114924,114925,0
202510080436UTC,114925,114908,114924,114925,0
202510080437UTC,114924,114922,114924,114924,0
202510080438UTC,114924,114922,114924,114924,0
202510080439UTC,114924,114923,114924,114924,0
202510080440UTC,114924,114923,114924,114924,0
202510080441UTC,114924,114899,114900,114924,0
202510080442UTC,114924,114899,114900,114924,0
202510080443UTC,114899,114900,114901,114899,0
202510080444UTC,114899,114900,114901,114899,0
202510080445UTC,114899,114898,114899,114899,0
202510080446UTC,114899,114898,114899,114899,0
202510080447UTC,114925,114924,114925,114925,0
202510080448UTC,114925,114924,114925,114925,0
202510080449UTC,114925,114899,114914,114925,0
202510080450UTC,114925,114899,114914,114925,0
202510080451UTC,114925,114902,114925,114925,0
202510080452UTC,114925,114902,114925,114925,0
202510080453UTC,114925,114901,114925,114925,0
202510080454UTC,114925,114901,114925,114925,0
202510080455UTC,114925,114924,114925,114925,0
202510080456UTC,114925,114924,114925,114925,0
202510080457UTC,114924,114912,114925,114924,0
202510080458UTC,114924,114912,114925,114924,0
202510080459UTC,114924,114917,114925,114924,0
202510080500UTC,114924,114917,114925,114924,0
202510080501UTC,114924,114918,114924,114924,0
202510080502UTC,114924,114918,114924,114924,0
202510080503UTC,114900,114924,114925,114900,0
202510080504UTC,114900,114924,114925,114900,0
202510080505UTC,114900,114924,114925,114900,0
202510080506UTC,114900,114924,114925,114900,0
202510080507UTC,114925,114924,114925,114925,0
202510080508UTC,114925,114924,114925,114925,0
202510080509UTC,114925,114924,114925,114925,0
202510080510UTC,114925,114924,114925,114925,0
202510080511UTC,114925,114924,114925,114925,0
202510080512UTC,114925,114924,114925,114925,0
202510080513UTC,114925,114924,114925,114925,0
202510080514UTC,114925,114924,114925,114925,0
202510080515UTC,114925,114924,114925,114925,0
202510080516UTC,114925,114924,114925,114925,0
202510080517UTC,114925,114924,114925,114925,0
202510080518UTC,114925,114924,114925,114925,0
202510080519UTC,114925,114934,114935,114925,0
202510080520UTC,114925,114934,114935,114925,0
202510080521UTC,114925,114935,114940,114925,0
202510080522UTC,114925,114935,114940,114925,0
202510080523UTC,114935,114935,114944,114935,0
202510080524UTC,114935,114935,114944,114935,0
202510080525UTC,114935,114948,114950,114935,0
202510080526UTC,114935,114948,114950,114935,0
202510080527UTC,114947,114948,114949,114947,0
202510080528UTC,114947,114948,114949,114947,0
202510080529UTC,114947,114936,114950,114947,0
202510080530UTC,114947,114936,114950,114947,0
202510080531UTC,114947,114906,114950,114947,0
202510080532UTC,114947,114906,114950,114947,0
202510080533UTC,114906,114966,114975,114906,0
202510080534UTC,114906,114966,114975,114906,0
202510080535UTC,114906,114972,114973,114906,0
202510080536UTC,114906,114972,114973,114906,0
202510080537UTC,114967,114974,114975,114967,0
202510080538UTC,114967,114974,114975,114967,0
202510080539UTC,114967,114974,114975,114967,0
202510080540UTC,114967,114974,114975,114967,0
202510080541UTC,114967,114974,114975,114967,0
202510080542UTC,114967,114974,114975,114967,0
202510080543UTC,114975,114974,114975,114975,0
202510080544UTC,114975,114974,114975,114975,0
202510080545UTC,114975,114974,114975,114975,0
202510080546UTC,114975,114974,114975,114975,0
202510080547UTC,114975,114974,114975,114975,0
202510080548UTC,114975,114974,114975,114975,0
202510080549UTC,114975,114918,114975,114975,0
202510080550UTC,114975,114918,114975,114975,0
202510080551UTC,114975,114939,114975,114975,0
202510080552UTC,114975,114939,114975,114975,0
202510080553UTC,114975,114974,114975,114975,0
202510080554UTC,114975,114974,114975,114975,0
202510080555UTC,114975,114974,114975,114975,0
202510080556UTC,114975,114974,114975,114975,0
202510080557UTC,114975,114974,114975,114975,0
202510080558UTC,114975,114974,114975,114975,0
202510080559UTC,114975,114966,114975,114975,0
202510080600UTC,114975,114966,114975,114975,0
202510080601UTC,114975,114974,114975,114975,0
202510080602UTC,114975,114974,114975,114975,0
202510080603UTC,114974,114974,114975,114974,0
202510080604UTC,114974,114974,114975,114974,0
202510080605UTC,114974,114969,114975,114974,0
202510080606UTC,114974,114969,114975,114974,0
202510080607UTC,114966,114974,114975,114966,0
202510080608UTC,114966,114974,114975,114966,0
202510080609UTC,114966,114969,114975,114966,0
202510080610UTC,114966,114969,114975,114966,0
202510080611UTC,114966,114974,114975,114966,0
202510080612UTC,114966,114974,114975,114966,0
202510080613UTC,114975,114974,114975,114975,0
202510080614UTC,114975,114974,114975,114975,0
202510080615UTC,114975,114974,114975,114975,0
202510080616UTC,114975,114974,114975,114975,0
202510080617UTC,114975,114974,114975,114975,0
202510080618UTC,114975,114974,114975,114975,0
202510080619UTC,114975,114974,114975,114975,0
202510080620UTC,114975,114974,114975,114975,0
202510080621UTC,114975,114975,114978,114975,0
202510080622UTC,114975,114975,114978,114975,0
202510080623UTC,114978,114980,114981,114978,0
202510080624UTC,114978,114980,114981,114978,0
202510080625UTC,114978,114980,114981,114978,0
202510080626UTC,114978,114980,114981,114978,0
202510080627UTC,114999,114998,114999,114999,0
202510080628UTC,114999,114998,114999,114999,0
202510080629UTC,114999,114985,114988,114999,0
202510080630UTC,114999,114985,114988,114999,0
202510080631UTC,114999,114998,114999,114999,0
202510080632UTC,114999,114998,114999,114999,0
202510080633UTC,114997,114998,114999,114997,0
202510080634UTC,114997,114998,114999,114997,0
202510080635UTC,114997,114998,114999,114997,0
202510080636UTC,114997,114998,114999,114997,0
202510080637UTC,114998,114998,114999,114998,0
202510080638UTC,114998,114998,114999,114998,0
202510080639UTC,114998,114998,114999,114998,0
202510080640UTC,114998,114998,114999,114998,0
202510080641UTC,114998,114998,114999,114998,0
202510080642UTC,114998,114998,114999,114998,0
202510080643UTC,115001,115225,115230,115001,0
202510080644UTC,115001,115225,115230,115001,0
202510080645UTC,115001,115295,115299,115001,0
202510080646UTC,115001,115295,115299,115001,0
202510080647UTC,115300,115330,115346,115300,0
202510080648UTC,115300,115330,115346,115300,0
202510080649UTC,115300,115357,115400,115300,0
202510080650UTC,115300,115357,115400,115300,0
202510080651UTC,115300,115399,115400,115300,0
202510080652UTC,115300,115399,115400,115300,0
202510080653UTC,115400,115414,115479,115400,0
202510080654UTC,115400,115414,115479,115400,0
202510080655UTC,115400,115410,115476,115400,0
202510080656UTC,115400,115410,115476,115400,0
202510080657UTC,115475,115498,115499,115475,0
202510080658UTC,115475,115498,115499,115475,0
202510080659UTC,115475,115498,115499,115475,0
202510080700UTC,115475,115498,115499,115475,0
202510080701UTC,115475,115498,115499,115475,0
202510080702UTC,115475,115498,115499,115475,0
202510080703UTC,115498,115464,115486,115498,0
202510080704UTC,115498,115464,115486,115498,0
202510080705UTC,115498,115486,115498,115498,0
202510080706UTC,115498,115486,115498,115498,0
202510080707UTC,115500,115495,115496,115500,0
202510080708UTC,115500,115495,115496,115500,0
202510080709UTC,115500,115500,115557,115500,0
202510080710UTC,115500,115500,115557,115500,0
202510080711UTC,115500,115638,115650,115500,0
202510080712UTC,115500,115638,115650,115500,0
202510080713UTC,115650,115733,115734,115650,0
202510080714UTC,115650,115733,115734,115650,0
202510080715UTC,115650,115788,115790,115650,0
202510080716UTC,115650,115788,115790,115650,0
202510080717UTC,115840,115836,115872,115840,0
202510080718UTC,115840,115836,115872,115840,0
202510080719UTC,115840,115862,115900,115840,0
202510080720UTC,115840,115862,115900,115840,0
202510080721UTC,115840,115920,115935,115840,0
202510080722UTC,115840,115920,115935,115840,0
202510080723UTC,115955,115985,115988,115955,0
202510080724UTC,115955,115985,115988,115955,0
202510080725UTC,115955,115997,115998,115955,0
202510080726UTC,115955,115997,115998,115955,0
202510080727UTC,116000,115999,116000,116000,0
202510080728UTC,116000,115999,116000,116000,0
202510080729UTC,116000,115999,116000,116000,0
202510080730UTC,116000,115999,116000,116000,0
202510080731UTC,116000,115999,116000,116000,0
202510080732UTC,116000,115999,116000,116000,0
202510080733UTC,115999,116060,116100,115999,0
202510080734UTC,115999,116060,116100,115999,0
202510080735UTC,115999,116103,116200,115999,0
202510080736UTC,115999,116103,116200,115999,0
202510080737UTC,116199,116152,116189,116199,0
202510080738UTC,116199,116152,116189,116199,0
202510080739UTC,116199,116000,116060,116199,0
202510080740UTC,116199,116000,116060,116199,0
202510080741UTC,116199,116060,116061,116199,0
202510080742UTC,116199,116060,116061,116199,0
202510080743UTC,116061,116092,116125,116061,0
202510080744UTC,116061,116092,116125,116061,0
202510080745UTC,116061,116171,116172,116061,0
202510080746UTC,116061,116171,116172,116061,0
202510080747UTC,116061,116232,116296,116061,0
202510080748UTC,116061,116232,116296,116061,0
202510080749UTC,116061,116286,116349,116061,0
202510080750UTC,116061,116286,116349,116061,0
202510080751UTC,116061,116321,116335,116061,0
202510080752UTC,116061,116321,116335,116061,0
202510080753UTC,116321,116332,116335,116321,0
202510080754UTC,116321,116332,116335,116321,0
202510080755UTC,116321,116332,116335,116321,0
202510080756UTC,116321,116382,116400,116321,0
202510080757UTC,116454,116461,116462,116454,0
202510080758UTC,116454,116461,116462,116454,0
202510080759UTC,116454,116692,116696,116454,0
202510080800UTC,116454,116692,116696,116454,0
202510080801UTC,116454,116756,116762,116454,0
202510080802UTC,116454,116756,116762,116454,0
202510080803UTC,116762,116888,116890,116762,0
202510080804UTC,116762,116888,116890,116762,0
202510080805UTC,116762,116942,116955,116762,0
202510080806UTC,116762,116942,116955,116762,0
202510080807UTC,116985,116900,116979,116985,0
202510080808UTC,116985,116900,116979,116985,0
202510080809UTC,116985,116850,116889,116985,0
202510080810UTC,116985,116850,116889,116985,0
202510080811UTC,116985,116850,116867,116985,0
202510080812UTC,116985,116850,116867,116985,0
202510080813UTC,116867,116563,116686,116867,0
202510080814UTC,116867,116563,116686,116867,0
202510080815UTC,116867,116454,116455,116867,0
202510080816UTC,116867,116454,116455,116867,0
202510080817UTC,116400,116322,116387,116400,0
202510080818UTC,116400,116322,116387,116400,0
202510080819UTC,116400,116371,116385,116400,0
202510080820UTC,116400,116371,116385,116400,0
202510080821UTC,116400,116362,116380,116400,0
202510080822UTC,116400,116362,116380,116400,0
202510080823UTC,116380,116368,116384,116380,0
202510080824UTC,116380,116368,116384,116380,0
202510080825UTC,116380,116360,116381,116380,0
202510080826UTC,116380,116360,116381,116380,0
202510080827UTC,116374,116380,116381,116374,0
202510080828UTC,116374,116380,116381,116374,0
202510080829UTC,116374,116380,116381,116374,0
202510080830UTC,116374,116380,116381,116374,0
202510080831UTC,116374,115906,115997,116374,0
202510080832UTC,116374,115906,115997,116374,0
202510080833UTC,116386,116272,116339,116386,0
202510080834UTC,116386,116272,116339,116386,0
202510080835UTC,116386,116258,116267,116386,0
202510080836UTC,116386,116258,116267,116386,0
202510080837UTC,116268,116346,116386,116268,0
202510080838UTC,116268,116346,116386,116268,0
202510080839UTC,116268,116346,116386,116268,0
202510080840UTC,116268,116430,116497,116268,0
202510080841UTC,116268,116487,116495,116268,0
202510080842UTC,116268,116487,116495,116268,0
202510080843UTC,116495,116499,116500,116495,0
202510080844UTC,116495,116499,116500,116495,0
202510080845UTC,116495,116505,116510,116495,0
202510080846UTC,116495,116505,116510,116495,0
202510080847UTC,116505,116476,116505,116505,0
202510080848UTC,116505,116476,116505,116505,0
202510080849UTC,116505,116472,116473,116505,0
202510080850UTC,116505,116472,116473,116505,0
202510080851UTC,116505,116473,116495,116505,0
202510080852UTC,116505,116473,116495,116505,0
202510080853UTC,116495,116316,116383,116495,0
202510080854UTC,116495,116316,116383,116495,0
202510080855UTC,116495,116496,116499,116495,0
202510080856UTC,116495,116496,116499,116495,0
202510080857UTC,116499,116492,116493,116499,0
202510080858UTC,116499,116492,116493,116499,0
202510080859UTC,116499,116495,116496,116499,0
202510080900UTC,116499,116495,116496,116499,0
202510080901UTC,116499,116284,116424,116499,0
202510080902UTC,116499,116284,116424,116499,0
202510080903UTC,116424,116327,116328,116424,0
202510080904UTC,116424,116327,116328,116424,0
202510080905UTC,116424,116145,116324,116424,0
202510080906UTC,116424,116145,116324,116424,0
202510080907UTC,116161,116150,116161,116161,0
202510080908UTC,116161,116150,116161,116161,0
202510080909UTC,116161,116237,116322,116161,0
202510080910UTC,116161,116237,116322,116161,0
202510080911UTC,116161,116326,116327,116161,0
202510080912UTC,116161,116326,116327,116161,0
202510080913UTC,116386,116381,116495,116386,0
202510080914UTC,116386,116381,116495,116386,0
202510080915UTC,116386,116332,116334,116386,0
202510080916UTC,116386,116332,116334,116386,0
202510080917UTC,116335,116307,116308,116335,0
202510080918UTC,116335,116307,116308,116335,0
202510080919UTC,116335,116309,116332,116335,0
202510080920UTC,116335,116309,116332,116335,0
202510080921UTC,116335,116301,116321,116335,0
202510080922UTC,116335,116301,116321,116335,0
202510080923UTC,116321,116255,116256,116321,0
202510080924UTC,116321,116255,116256,116321,0
202510080925UTC,116321,116263,116264,116321,0
202510080926UTC,116321,116263,116264,116321,0
202510080927UTC,116310,116311,116332,116310,0
202510080928UTC,116310,116311,116332,116310,0
202510080929UTC,116310,116301,116310,116310,0
202510080930UTC,116310,116301,116310,116310,0
202510080931UTC,116310,116300,116301,116310,0
202510080932UTC,116310,116300,116301,116310,0
202510080933UTC,116301,116309,116310,116301,0
202510080934UTC,116301,116309,116310,116301,0
202510080935UTC,116301,116307,116308,116301,0
202510080936UTC,116301,116307,116308,116301,0
202510080937UTC,116305,116304,116305,116305,0
202510080938UTC,116305,116304,116305,116305,0
202510080939UTC,116305,116301,116304,116305,0
202510080940UTC,116305,116301,116304,116305,0
202510080941UTC,116305,116256,116257,116305,0
202510080942UTC,116305,116256,116257,116305,0
202510080943UTC,116257,116251,116252,116257,0
202510080944UTC,116257,116251,116252,116257,0
202510080945UTC,116257,116256,116257,116257,0
202510080946UTC,116257,116256,116257,116257,0
202510080947UTC,116254,116254,116255,116254,0
202510080948UTC,116254,116254,116255,116254,0
202510080949UTC,116254,116166,116197,116254,0
202510080950UTC,116254,116166,116197,116254,0
202510080951UTC,116254,116128,116129,116254,0
202510080952UTC,116254,116128,116129,116254,0
202510080953UTC,116128,116126,116128,116128,0
202510080954UTC,116128,116126,116128,116128,0
202510080955UTC,116128,116219,116220,116128,0
202510080956UTC,116128,116219,116220,116128,0
202510080957UTC,116246,116249,116251,116246,0
202510080958UTC,116246,116249,116251,116246,0
202510080959UTC,116246,116249,116250,116246,0
202510081000UTC,116246,116249,116250,116246,0
202510081001UTC,116246,116249,116250,116246,0
202510081002UTC,116246,116249,116250,116246,0
202510081003UTC,116246,116269,116289,116246,0
202510081004UTC,116246,116269,116289,116246,0
202510081005UTC,116246,116298,116299,116246,0
202510081006UTC,116246,116298,116299,116246,0
202510081007UTC,116289,116294,116300,116289,0
202510081008UTC,116289,116294,116300,116289,0
202510081009UTC,116289,116304,116305,116289,0
202510081010UTC,116289,116304,116305,116289,0
202510081011UTC,116289,116300,116301,116289,0
202510081012UTC,116289,116300,116301,116289,0
202510081013UTC,116300,116301,116302,116300,0
202510081014UTC,116300,116301,116302,116300,0
202510081015UTC,116300,116301,116302,116300,0
202510081016UTC,116300,116301,116302,116300,0
202510081017UTC,116302,116301,116302,116302,0
202510081018UTC,116302,116301,116302,116302,0
202510081019UTC,116302,116321,116329,116302,0
202510081020UTC,116302,116321,116329,116302,0
202510081021UTC,116302,116330,116333,116302,0
202510081022UTC,116302,116330,116333,116302,0
202510081023UTC,116302,116330,116333,116302,0
202510081024UTC,116333,116369,116377,116333,0
202510081025UTC,116333,116339,116374,116333,0
202510081026UTC,116333,116339,116374,116333,0
202510081027UTC,116347,116339,116340,116347,0
202510081028UTC,116347,116339,116340,116347,0
202510081029UTC,116347,116374,116375,116347,0
202510081030UTC,116347,116374,116375,116347,0
202510081031UTC,116347,116348,116349,116347,0
202510081032UTC,116347,116348,116349,116347,0
202510081033UTC,116349,116379,116382,116349,0
202510081034UTC,116349,116379,116382,116349,0
202510081035UTC,116349,116481,116491,116349,0
202510081036UTC,116349,116481,116491,116349,0
202510081037UTC,116500,116500,116501,116500,0
202510081038UTC,116500,116500,116501,116500,0
202510081039UTC,116500,116469,116495,116500,0
202510081040UTC,116500,116469,116495,116500,0
202510081041UTC,116500,116500,116501,116500,0
202510081042UTC,116500,116500,116501,116500,0
202510081043UTC,116501,116517,116547,116501,0
202510081044UTC,116501,116517,116547,116501,0
202510081045UTC,116501,116531,116549,116501,0
202510081046UTC,116501,116531,116549,116501,0
202510081047UTC,116511,116548,116549,116511,0
202510081048UTC,116511,116548,116549,116511,0
202510081049UTC,116511,116599,116600,116511,0
202510081050UTC,116511,116599,116600,116511,0
202510081051UTC,116511,116627,116634,116511,0
202510081052UTC,116511,116627,116634,116511,0
202510081053UTC,116627,116630,116634,116627,0
202510081054UTC,116627,116630,116634,116627,0
202510081055UTC,116627,116636,116694,116627,0
202510081056UTC,116627,116636,116694,116627,0
202510081057UTC,116698,116672,116849,116698,0
202510081058UTC,116698,116672,116849,116698,0
202510081059UTC,116698,116700,116739,116698,0
202510081100UTC,116698,116700,116739,116698,0
202510081101UTC,116698,116700,116739,116698,0
202510081102UTC,116698,116700,116701,116698,0
202510081103UTC,116700,116704,116739,116700,0
202510081104UTC,116700,116704,116739,116700,0
202510081105UTC,116700,116700,116701,116700,0
202510081106UTC,116700,116700,116701,116700,0
202510081107UTC,116704,116700,116701,116704,0
202510081108UTC,116704,116700,116701,116704,0
202510081109UTC,116704,116710,116724,116704,0
202510081110UTC,116704,116710,116724,116704,0
202510081111UTC,116704,116753,116841,116704,0
202510081112UTC,116704,116753,116841,116704,0
202510081113UTC,116704,116728,116735,116704,0
202510081114UTC,116704,116728,116735,116704,0
202510081115UTC,116704,116702,116798,116704,0
202510081116UTC,116704,116702,116798,116704,0
202510081117UTC,116705,116700,116704,116705,0
202510081118UTC,116705,116700,116704,116705,0
202510081119UTC,116705,116672,116685,116705,0
202510081120UTC,116705,116672,116685,116705,0
202510081121UTC,116705,116622,116623,116705,0
202510081122UTC,116705,116622,116623,116705,0
202510081123UTC,116623,116619,116621,116623,0
202510081124UTC,116623,116619,116621,116623,0
202510081125UTC,116623,116598,116599,116623,0
202510081126UTC,116623,116598,116599,116623,0
202510081127UTC,116598,116623,116625,116598,0
202510081128UTC,116598,116623,116625,116598,0
202510081129UTC,116598,116604,116625,116598,0
202510081130UTC,116598,116604,116625,116598,0
202510081131UTC,116598,116682,116691,116598,0
202510081132UTC,116598,116682,116691,116598,0
202510081133UTC,116691,116689,116690,116691,0
202510081134UTC,116691,116689,116690,116691,0
202510081135UTC,116691,116609,116645,116691,0
202510081136UTC,116691,116609,116645,116691,0
202510081137UTC,116598,116573,116598,116598,0
202510081138UTC,116598,116573,116598,116598,0
202510081139UTC,116598,116573,116580,116598,0
202510081140UTC,116598,116573,116580,116598,0
202510081141UTC,116598,116482,116500,116598,0
202510081142UTC,116598,116482,116500,116598,0
202510081143UTC,116500,116381,116428,116500,0
202510081144UTC,116500,116381,116428,116500,0
202510081145UTC,116500,116426,116466,116500,0
202510081146UTC,116500,116426,116466,116500,0
202510081147UTC,116406,116434,116446,116406,0
202510081148UTC,116406,116434,116446,116406,0
202510081149UTC,116406,116437,116445,116406,0
202510081150UTC,116406,116437,116445,116406,0
202510081151UTC,116406,116435,116443,116406,0
202510081152UTC,116406,116435,116443,116406,0
202510081153UTC,116406,116435,116443,116406,0
202510081154UTC,116443,116353,116405,116443,0
202510081155UTC,116443,116353,116354,116443,0
202510081156UTC,116443,116353,116354,116443,0
202510081157UTC,116352,116352,116353,116352,0
202510081158UTC,116352,116352,116353,116352,0
202510081159UTC,116352,116353,116354,116352,0
202510081200UTC,116352,116353,116354,116352,0
202510081201UTC,116352,116379,116382,116352,0
202510081202UTC,116352,116379,116382,116352,0
202510081203UTC,116355,116230,116350,116355,0
202510081204UTC,116355,116230,116350,116355,0
202510081205UTC,116355,116256,116299,116355,0
202510081206UTC,116355,116256,116299,116355,0
202510081207UTC,116255,116251,116252,116255,0
202510081208UTC,116255,116251,116252,116255,0
202510081209UTC,116255,116253,116254,116255,0
202510081210UTC,116255,116253,116254,116255,0
202510081211UTC,116255,116209,116271,116255,0
202510081212UTC,116255,116209,116271,116255,0
202510081213UTC,116255,116235,116258,116255,0
202510081214UTC,116255,116235,116258,116255,0
202510081215UTC,116255,116200,116238,116255,0
202510081216UTC,116255,116200,116238,116255,0
202510081217UTC,116238,116236,116238,116238,0
202510081218UTC,0,0,0,0,0
202510081219UTC,116238,116246,116250,116238,0
202510081220UTC,116238,116246,116250,116238,0
202510081221UTC,116238,116251,116252,116238,0
202510081222UTC,116238,116251,116252,116238,0
202510081223UTC,116252,116262,116264,116252,0
202510081224UTC,116252,116262,116264,116252,0
202510081225UTC,116252,116262,116264,116252,0
202510081226UTC,116252,116263,116290,116252,0
202510081227UTC,116290,116288,116290,116290,0
202510081228UTC,116290,116288,116290,116290,0
202510081229UTC,116290,116289,116290,116290,0
202510081230UTC,116290,116289,116290,116290,0
202510081231UTC,116290,116219,116222,116290,0
202510081232UTC,116290,116219,116222,116290,0
202510081233UTC,116219,116123,116150,116219,0
202510081234UTC,116219,116123,116150,116219,0
202510081235UTC,116219,116145,116154,116219,0
202510081236UTC,116219,116145,116154,116219,0
202510081237UTC,116154,116104,116106,116154,0
202510081238UTC,116154,116104,116106,116154,0
202510081239UTC,116154,116104,116105,116154,0
202510081240UTC,116154,116104,116105,116154,0
202510081241UTC,116154,116154,116157,116154,0
202510081242UTC,116154,116154,116157,116154,0
202510081243UTC,116158,116105,116152,116158,0
202510081244UTC,116158,116105,116152,116158,0
202510081245UTC,116158,116105,116139,116158,0
202510081246UTC,116158,116105,116139,116158,0
202510081247UTC,116100,116032,116109,116100,0
202510081248UTC,116100,116032,116109,116100,0
202510081249UTC,116100,116036,116098,116100,0
202510081250UTC,116100,116036,116098,116100,0
202510081251UTC,116100,116070,116099,116100,0
202510081252UTC,116100,116070,116099,116100,0
202510081253UTC,116099,116067,116069,116099,0
202510081254UTC,116099,116067,116069,116099,0
202510081255UTC,116099,116000,116001,116099,0
202510081256UTC,116099,116000,116001,116099,0
202510081257UTC,115983,115980,115983,115983,0
202510081258UTC,115983,115980,115983,115983,0
202510081259UTC,115983,115989,115999,115983,0
202510081300UTC,115983,115989,115999,115983,0
202510081301UTC,115983,115890,115976,115983,0
202510081302UTC,115983,115890,115976,115983,0
202510081303UTC,115977,115702,115893,115977,0
202510081304UTC,115977,115702,115893,115977,0
202510081305UTC,115977,115652,115699,115977,0
202510081306UTC,115977,115652,115699,115977,0
202510081307UTC,115700,115655,115700,115700,0
202510081308UTC,115700,115655,115700,115700,0
202510081309UTC,115700,115849,115850,115700,0
202510081310UTC,115700,115849,115850,115700,0
202510081311UTC,115700,115742,115840,115700,0
202510081312UTC,115700,115742,115840,115700,0
202510081313UTC,115840,115746,115832,115840,0
202510081314UTC,115840,115746,115832,115840,0
202510081315UTC,115840,115682,115684,115840,0
202510081316UTC,115840,115682,115684,115840,0
202510081317UTC,115655,115683,115684,115655,0
202510081318UTC,115655,115683,115684,115655,0
202510081319UTC,115655,115533,115598,115655,0
202510081320UTC,115655,115533,115598,115655,0
202510081321UTC,115655,115530,115539,115655,0
202510081322UTC,115655,115530,115539,115655,0
202510081323UTC,115515,115424,115486,115515,0
202510081324UTC,115515,115424,115486,115515,0
202510081325UTC,115515,115463,115515,115515,0
202510081326UTC,115515,115463,115515,115515,0
202510081327UTC,115454,115530,115550,115454,0
202510081328UTC,115454,115530,115550,115454,0
202510081329UTC,115454,115564,115697,115454,0
202510081330UTC,115454,115564,115697,115454,0
202510081331UTC,115454,115570,115691,115454,0
202510081332UTC,115454,115570,115691,115454,0
202510081333UTC,115570,115630,115640,115570,0
202510081334UTC,115570,115630,115640,115570,0
202510081335UTC,115570,115630,115631,115570,0
202510081336UTC,115570,115630,115631,115570,0
202510081337UTC,115635,115631,115661,115635,0
202510081338UTC,115635,115631,115661,115635,0
202510081339UTC,115635,115632,115695,115635,0
202510081340UTC,115635,115632,115695,115635,0
202510081341UTC,115635,115630,115632,115635,0
202510081342UTC,115635,115630,115632,115635,0
202510081343UTC,115570,115570,115598,115570,0
202510081344UTC,115570,115570,115598,115570,0
202510081345UTC,115570,115646,115668,115570,0
202510081346UTC,115570,115646,115668,115570,0
202510081347UTC,115668,115646,115694,115668,0
202510081348UTC,115668,115646,115694,115668,0
202510081349UTC,115668,115646,115671,115668,0
202510081350UTC,115668,115646,115671,115668,0
202510081351UTC,115668,115693,115745,115668,0
202510081352UTC,115668,115693,115745,115668,0
202510081353UTC,115745,115693,115735,115745,0
202510081354UTC,115745,115693,115735,115745,0
202510081355UTC,115745,115684,115733,115745,0
202510081356UTC,115745,115684,115733,115745,0
202510081357UTC,115720,115676,115680,115720,0
202510081358UTC,115720,115676,115680,115720,0
202510081359UTC,115720,115676,115680,115720,0
202510081400UTC,115720,115676,115680,115720,0
202510081401UTC,115720,115695,115755,115720,0
202510081402UTC,115720,115695,115755,115720,0
202510081403UTC,115694,115676,115678,115694,0
202510081404UTC,115694,115676,115678,115694,0
202510081405UTC,115694,115676,115677,115694,0
202510081406UTC,115694,115676,115677,115694,0
202510081407UTC,115678,115681,115799,115678,0
202510081408UTC,115678,115681,115799,115678,0
202510081409UTC,115678,115677,115797,115678,0
202510081410UTC,115678,115677,115797,115678,0
202510081411UTC,115678,115677,115693,115678,0
202510081412UTC,115678,115677,115693,115678,0
202510081413UTC,115693,115677,115685,115693,0
202510081414UTC,115693,115677,115685,115693,0
202510081415UTC,115693,115676,115694,115693,0
202510081416UTC,115693,115676,115694,115693,0
202510081417UTC,115694,115698,115790,115694,0
202510081418UTC,115694,115698,115790,115694,0
202510081419UTC,115694,115703,115789,115694,0
202510081420UTC,115694,115703,115789,115694,0
202510081421UTC,115694,115694,115702,115694,0
202510081422UTC,115694,115694,115702,115694,0
202510081423UTC,115702,115704,115790,115702,0
202510081424UTC,115702,115704,115790,115702,0
202510081425UTC,115702,115678,115700,115702,0
202510081426UTC,115702,115678,115700,115702,0
202510081427UTC,115679,115700,115789,115679,0
202510081428UTC,115679,115700,115789,115679,0
202510081429UTC,115679,115700,115724,115679,0
202510081430UTC,115679,115700,115724,115679,0
202510081431UTC,115679,115892,115897,115679,0
202510081432UTC,115679,115892,115897,115679,0
202510081433UTC,115897,115814,115886,115897,0
202510081434UTC,115897,115814,115886,115897,0
202510081435UTC,115897,115801,115886,115897,0
202510081436UTC,115897,115801,115886,115897,0
202510081437UTC,115900,115950,115970,115900,0
202510081438UTC,115900,115950,115970,115900,0
202510081439UTC,115900,116012,116099,115900,0
202510081440UTC,115900,116012,116099,115900,0
202510081441UTC,115900,115960,116089,115900,0
202510081442UTC,115900,115960,116089,115900,0
202510081443UTC,115960,115963,116026,115960,0
202510081444UTC,115960,115963,116026,115960,0
202510081445UTC,115960,115897,115955,115960,0
202510081446UTC,115960,115897,115955,115960,0
202510081447UTC,115826,115827,115858,115826,0
202510081448UTC,115826,115827,115858,115826,0
202510081449UTC,115826,115836,115858,115826,0
202510081450UTC,115826,115836,115858,115826,0
202510081451UTC,115826,115802,115803,115826,0
202510081452UTC,115826,115802,115803,115826,0
202510081453UTC,115803,115826,115858,115803,0
202510081454UTC,115803,115826,115858,115803,0
202510081455UTC,115803,115795,115800,115803,0
202510081456UTC,115803,115795,115800,115803,0
202510081457UTC,115800,115798,115800,115800,0
202510081458UTC,115800,115798,115800,115800,0
202510081459UTC,115800,115732,115740,115800,0
